Psi;0
Psi;1
Psi;2
Psi;3
Psi;4
Psi;5
Psi;6
Beta;7
Beta;8
Beta;9
Beta;10
Beta;11
Beta;12
Beta;13
Beta;14
Beta;15
Beta;16
Beta;17
Beta;18
Beta;19
Beta;20
Beta;21
Beta;22
Beta;23
Beta;24
Beta;25
Beta;26
Beta;27
Beta;28
Beta;29
Beta;30
Beta;31
Beta;32
Beta;33
Beta;34
Beta;35
Beta;36
Beta;37
Beta;38
Beta;39
Beta;40
Beta;41
Beta;42
Beta;43
Beta;44
Beta;45
Beta;46
Beta;47
Beta;48
Beta;49
Beta;50
Beta;51
Beta;52
Beta;53
Beta;54
Beta;55
Beta;56
Beta;57
Beta;58
Beta;59
Beta;60
Beta;61
Beta;62
Beta;63
Beta;64
Beta;65
Beta;66
Beta;67
Beta;68
Beta;69
Beta;70
Beta;71
Beta;72
Beta;73
Beta;74
Beta;75
Beta;76
Beta;77
Beta;78
Beta;79
Beta;80
Beta;81
Beta;82
Beta;83
Beta;84
Beta;85
Beta;86
Beta;87
Beta;88
Beta;89
Beta;90
Beta;91
Beta;92
Beta;93
Beta;94
Beta;95
Beta;96
Beta;97
Beta;98
Beta;99
Beta;100
Beta;101
Beta;102
Beta;103
Beta;104
Beta;105
Beta;106
Beta;107
Beta;108
Beta;109
Beta;110
Beta;111
Beta;112
Beta;113
Beta;114
Cov;115
Cov;116
Cov;117
Cov;118
Cov;119
Cov;120
Cov;121
Cov;122
Cov;123
Cov;124
Cov;125
Cov;126
Cov;127
Cov;128
Cov;129
Cov;130
Cov;131
Cov;132
Cov;133
Cov;134
Cov;135
Cov;136
Cov;137
Cov;138
Cov;139
Cov;140
Cov;141
Cov;142
Cov;143
Cov;144
Cov;145
Cov;146
Cov;147
Cov;148
Cov;149
Cov;150
Cov;151
Cov;152
Cov;153
Cov;154
Cov;155
Cov;156
Cov;157
Cov;158
Cov;159
Cov;160
Cov;161
Cov;162
Cov;163
Cov;164
Cov;165
Cov;166
Cov;167
Cov;168
Cov;169
Cov;170
Cov;171
Cov;172
Cov;173
Cov;174
Cov;175
Cov;176
Cov;177
Cov;178
Cov;179
Cov;180
Cov;181
Cov;182
Cov;183
Cov;184
Cov;185
Cov;186
Cov;187
Cov;188
Cov;189
Cov;190
Cov;191
Cov;192
Cov;193
Cov;194
Cov;195
Cov;196
Cov;197
Cov;198
Cov;199
Cov;200
Cov;201
Cov;202
Cov;203
Cov;204
Cov;205
Cov;206
Cov;207
Cov;208
Cov;209
Cov;210
Cov;211
Cov;212
Cov;213
Cov;214
Cov;215
Cov;216
Cov;217
Cov;218
Cov;219
Cov;220
Cov;221
Cov;222
Cov;223
Cov;224
Cov;225
Cov;226
Cov;227
Cov;228
Cov;229
Cov;230
Cov;231
Cov;232
Cov;233
Cov;234
Cov;235
Cov;236
Cov;237
Cov;238
Cov;239
Cov;240
Cov;241
Cov;242
Cov;243
Cov;244
Cov;245
Cov;246
Cov;247
Cov;248
Cov;249
Cov;250
Cov;251
Cov;252
Cov;253
Cov;254
Cov;255
Cov;256
Cov;257
Cov;258
Cov;259
Cov;260
Cov;261
Cov;262
Cov;263
Cov;264
Cov;265
Cov;266
Cov;267
Cov;268
Cov;269
Cov;270
Cov;271
Cov;272
Cov;273
Cov;274
Cov;275
Cov;276
Cov;277
Cov;278
Cov;279
Cov;280
Cov;281
Cov;282
Cov;283
Cov;284
Cov;285
Cov;286
Cov;287
Cov;288
Cov;289
Cov;290
Cov;291
Cov;292
Cov;293
Cov;294
Sigma-Beta;295
Sigma-Beta;296
Sigma-Beta;297
Sigma-Beta;298
Sigma-Beta;299
Sigma-Beta;300
Sigma-Beta;301
Sigma-Beta;302
Sigma-Beta;303
Sigma-Cov;304
Sigma-Cov;305
Sigma-Cov;306
Sigma-Cov;307
Sigma-Cov;308
Sigma-Cov;309
Sigma-Cov;310
Sigma-Cov;311
Sigma-Cov;312
Sigma-Cov;313
Sigma-Cov;314
Sigma-Cov;315
Sigma-Cov;316
Sigma-Cov;317
Sigma-Cov;318
Sigma-Cov;319
Sigma-Cov;320
Sigma-Cov;321
Sigma-Cov;322
Sigma-Cov;323
Sigma-Cov;324
Sigma-Cov;325
Sigma-Cov;326
Sigma-Cov;327
Sigma-Cov;328
Sigma-Cov;329
Sigma-Cov;330
Sigma-Cov;331
Sigma-Cov;332
Sigma-Cov;333
Sigma-Cov;334
Sigma-Cov;335
Sigma-Cov;336
Sigma-Cov;337
Sigma-Cov;338
Sigma-Cov;339
Sigma-Cov;340
Sigma-Cov;341
Sigma-Cov;342
Sigma-Cov;343
Sigma-Cov;344
Sigma-Cov;345
Sigma-Cov;346
Sigma-Cov;347
Sigma-Cov;348